# Fraction frozen, Temperatures, k, k_upper, k_lower
1.000000000000000000e+00,0.000000000000000000e+00,inf,1.818460540452652552e+01,9.829173629074135221e-02
