# Fraction frozen, Temperatures, k, k_upper, k_lower
5.000000000000000000e-01,0.000000000000000000e+00,6.931471805599452862e-01,2.747486544729856650e+00,1.477841476546714813e-02
1.000000000000000000e+00,1.000000000000000000e+00,inf,1.854331069033007040e+01,4.337653951100773342e-01
