# Fraction frozen, Temperatures, k, k_upper, k_lower
3.333333333333333148e-01,0.000000000000000000e+00,4.054651081081642738e-01,1.559255077216163077e+00,1.124243393439871772e-02
6.666666666666666297e-01,1.000000000000000000e+00,1.098612288668109560e+00,3.422738732852116161e+00,1.285771116207832243e-01
1.000000000000000000e+00,2.000000000000000000e+00,inf,1.863408719008468495e+01,7.793933620767798942e-01
