# Fraction frozen, Temperatures, k, k_upper, k_lower
2.500000000000000000e-01,0.000000000000000000e+00,2.876820724517809014e-01,1.049852897973602817e+00,7.351001961180651800e-03
5.000000000000000000e-01,1.000000000000000000e+00,6.931471805599452862e-01,2.019864000082552291e+00,8.448326864113160639e-02
7.500000000000000000e-01,2.000000000000000000e+00,1.386294361119890572e+00,3.829598649355809847e+00,2.674797547743651416e-01
1.000000000000000000e+00,3.000000000000000000e+00,inf,1.890909171295607294e+01,1.014571160041534137e+00
