# Fraction frozen, Temperatures, k, k_upper, k_lower
2.000000000000000111e-01,0.000000000000000000e+00,2.231435513142097093e-01,8.345427323728359381e-01,5.929652074955223118e-03
4.000000000000000222e-01,1.000000000000000000e+00,5.108256237659907217e-01,1.463343013567807827e+00,6.061121937291048117e-02
6.000000000000000888e-01,2.000000000000000000e+00,9.162907318741553286e-01,2.384684738903674717e+00,1.872703350928459909e-01
8.000000000000000444e-01,3.000000000000000000e+00,1.609437912434100504e+00,4.243176297657381468e+00,4.171460304891701498e-01
1.000000000000000000e+00,4.000000000000000000e+00,inf,1.881697552063974044e+01,1.221447345154585307e+00
