# Fraction frozen, Temperatures, k, k_upper, k_lower
1.666666666666666574e-01,0.000000000000000000e+00,1.823215567939545922e-01,6.699006576776660449e-01,4.151521418873671022e-03
3.333333333333333148e-01,1.000000000000000000e+00,4.054651081081642738e-01,1.168926259060388162e+00,5.108852090411748759e-02
5.000000000000000000e-01,2.000000000000000000e+00,6.931471805599452862e-01,1.677760216041511931e+00,1.390263877605911191e-01
6.666666666666666297e-01,3.000000000000000000e+00,1.098612288668109560e+00,2.603791725260945267e+00,2.920560360848818982e-01
8.333333333333332593e-01,4.000000000000000000e+00,1.791759469228054513e+00,4.412227154880840274e+00,5.564397761956723087e-01
1.000000000000000000e+00,5.000000000000000000e+00,inf,1.890909171295607294e+01,1.366640421124233118e+00
