# Fraction frozen, Temperatures, k, k_upper, k_lower
1.428571428571428492e-01,0.000000000000000000e+00,1.541506798272582190e-01,5.757899835856703508e-01,3.992459287662723788e-03
2.857142857142856984e-01,1.000000000000000000e+00,3.364722366212128946e-01,9.568246009170161548e-01,4.161478920256496405e-02
4.285714285714285476e-01,2.000000000000000000e+00,5.596157879354227704e-01,1.373330641437349842e+00,1.160448443475875502e-01
5.714285714285713969e-01,3.000000000000000000e+00,8.472978603872035608e-01,1.961539413135899412e+00,2.299029891162405748e-01
7.142857142857141906e-01,4.000000000000000000e+00,1.252762968495367613e+00,2.801682823634170205e+00,3.857931763050262419e-01
8.571428571428570953e-01,5.000000000000000000e+00,1.945910149055313010e+00,4.655723659737767584e+00,6.666372170665443297e-01
1.000000000000000000e+00,6.000000000000000000e+00,inf,1.890909171295607294e+01,1.574558727728934127e+00
