# Fraction frozen, Temperatures, k, k_upper, k_lower
1.250000000000000000e-01,0.000000000000000000e+00,1.335313926245226268e-01,5.071332067763314466e-01,3.568296914225472551e-03
2.500000000000000000e-01,1.000000000000000000e+00,2.876820724517809014e-01,7.947674937930243599e-01,3.629643286234882776e-02
3.750000000000000000e-01,2.000000000000000000e+00,4.700036292457355769e-01,1.157565082986846017e+00,9.498850848864488772e-02
5.000000000000000000e-01,3.000000000000000000e+00,6.931471805599452862e-01,1.544100167880772423e+00,1.918992287491611548e-01
6.250000000000000000e-01,4.000000000000000000e+00,9.808292530117261876e-01,2.120950887920192596e+00,3.127217323365479307e-01
7.500000000000000000e-01,5.000000000000000000e+00,1.386294361119890572e+00,2.985313851227450410e+00,4.973231267472008055e-01
8.750000000000000000e-01,6.000000000000000000e+00,2.079441541679835748e+00,4.936707260417341203e+00,7.643166304528564714e-01
1.000000000000000000e+00,7.000000000000000000e+00,inf,1.900165884877702283e+01,1.677760216041511931e+00
